,algorithms,mse,mae,r2,median_absolute_error,explained variance error
1,LinearRegression,7964,21.3,-0.0035145104,10.139993781,-0.0002439683
2,Lasso,7873,20.18,0.0080097621,10.071652727,0.0106119794
3,ElasticNet,7873,20.19,0.0079571218,9.9185667538,0.0105751521
4,BaggingRegressor,8681,25.46,-0.0938035176,9.1835,-0.0934170801
5,RandomForest,8326,23.62,-0.0491784985,6.2845,-0.0491784929
6,ExtraTreesRegressor,8673,24.72,-0.0927945802,8.5525,-0.0922105331
7,DecisionTreeRegressor,11481,31,-0.4466137832,4.42,-0.4415053774
8,MLPRegressor,7949,19.2,-0.001615379,8.4215091384,0.0027887563
9,SVR,8146,15.3,-0.0264467774,0.9974149856,-0.0002233529
