,names,ERROR
8,temp,7793.00681959
2,month,7924.58455336
9,RH,7978.41105389
4,FFMC,8072.19267438
11,rain,8095.81383005
10,wind,8139.6393807
1,Y,8161.67587324
5,DMC,8174.51499506
7,ISI,8177.95471562
6,DC,8185.95881645
0,X,8210.04115115
3,day,8378.19420717
